year,sex,name,n,prop
1980,F,Sarah,25755,0.01446617
1980,F,Nicole,19917,0.01118706
1980,F,Christina,16139,0.00906502
1980,F,Kelly,13717,0.00770462
1980,F,Julie,8909,0.00500404
1980,F,Katherine,8019,0.00450414
1980,F,Kristin,7702,0.00432609
1980,F,Alicia,5752,0.00323081
1980,F,Robin,2807,0.00157665
1980,F,Caroline,1313,7.3749e-4
1980,F,Audrey,1223,6.8694e-4
1980,F,Serena,630,3.5386e-4
1980,F,Michael,546,3.0668e-4
1980,F,Maya,397,2.2299e-4
1980,F,Jason,306,1.7188e-4
1980,F,Matthew,194,1.0897e-4
1980,F,Nicholas,139,7.807e-5
1980,F,Steven,110,6.179e-5
1980,F,Hailey,81,4.55e-5
1980,F,Amira,47,2.64e-5
1980,F,Isabella,38,2.134e-5
1980,F,Tony,38,2.134e-5
1980,F,Delina,22,1.236e-5
1980,F,Ian,19,1.067e-5
1980,F,Omar,13,7.3e-6
1980,F,Grant,9,5.06e-6
1980,F,Saul,5,2.81e-6
1980,M,Michael,68693,0.03703079
1980,M,Jason,48173,0.02596894
1980,M,Matthew,37860,0.02040944
1980,M,Nicholas,21025,0.01133409
1980,M,Steven,15914,0.00857886
1980,M,Ian,2909,0.00156817
1980,M,Tony,2727,0.00147006
1980,M,Omar,1447,7.8004e-4
1980,M,Kelly,1184,6.3827e-4
1980,M,Grant,1108,5.973e-4
1980,M,Ethan,706,3.8059e-4
1980,M,Robin,443,2.3881e-4
1980,M,Saul,363,1.9568e-4
1980,M,Nicole,86,4.636e-5
1980,M,Sarah,84,4.528e-5
1980,M,Christina,70,3.774e-5
1980,M,Kristin,68,3.666e-5
1980,M,Corbin,64,3.45e-5
1980,M,Julie,42,2.264e-5
1980,M,Katherine,29,1.563e-5
1980,M,Ace,28,1.509e-5
1980,M,Alicia,20,1.078e-5
1980,M,Audrey,13,7.01e-6
1980,M,Niels,12,6.47e-6
1980,M,Caroline,5,2.7e-6
1981,F,Sarah,28173,0.01575465
1981,F,Nicole,20313,0.01135925
1981,F,Christina,14395,0.00804984
1981,F,Kelly,11876,0.00664119
1981,F,Kristin,9737,0.00544504
1981,F,Julie,8565,0.00478964
1981,F,Katherine,8434,0.00471638
1981,F,Alicia,5856,0.00327474
1981,F,Robin,2867,0.00160326
1981,F,Caroline,1392,7.7842e-4
1981,F,Audrey,1285,7.1859e-4
1981,F,Serena,535,2.9918e-4
1981,F,Michael,487,2.7234e-4
1981,F,Maya,323,1.8063e-4
1981,F,Jason,239,1.3365e-4
1981,F,Matthew,201,1.124e-4
1981,F,Hailey,145,8.109e-5
1981,F,Nicholas,124,6.934e-5
1981,F,Steven,96,5.368e-5
1981,F,Amira,48,2.684e-5
1981,F,Isabella,39,2.181e-5
1981,F,Tony,34,1.901e-5
1981,F,Delina,16,8.95e-6
1981,F,Omar,16,8.95e-6
1981,F,Ian,12,6.71e-6
1981,F,Grant,6,3.36e-6
1981,F,Zeynep,5,2.8e-6
1981,M,Michael,68765,0.03692247
1981,M,Matthew,43330,0.02326548
1981,M,Jason,41932,0.02251484
1981,M,Nicholas,19778,0.01061954
1981,M,Steven,16487,0.00885248
1981,M,Ian,2932,0.0015743
1981,M,Tony,2649,0.00142235
1981,M,Omar,1434,7.6997e-4
1981,M,Kelly,1182,6.3466e-4
1981,M,Grant,1099,5.9009e-4
1981,M,Ethan,735,3.9465e-4
1981,M,Robin,456,2.4484e-4
1981,M,Saul,411,2.2068e-4
1981,M,Sarah,109,5.853e-5
1981,M,Nicole,85,4.564e-5
1981,M,Christina,67,3.597e-5
1981,M,Kristin,64,3.436e-5
1981,M,Corbin,56,3.007e-5
1981,M,Julie,34,1.826e-5
1981,M,Katherine,31,1.665e-5
1981,M,Ace,28,1.503e-5
1981,M,Alicia,21,1.128e-5
1981,M,Niels,17,9.13e-6
1981,M,Audrey,12,6.44e-6
1981,M,Caroline,9,4.83e-6
1982,F,Sarah,28484,0.01570245
1982,F,Nicole,21706,0.01196592
1982,F,Christina,14513,0.00800062
1982,F,Kelly,12169,0.00670843
1982,F,Katherine,9181,0.00506123
1982,F,Kristin,8732,0.00481371
1982,F,Julie,7694,0.00424149
1982,F,Alicia,5616,0.00309595
1982,F,Robin,2768,0.00152592
1982,F,Audrey,1542,8.5006e-4
1982,F,Caroline,1536,8.4675e-4
1982,F,Serena,595,3.2801e-4
1982,F,Michael,576,3.1753e-4
1982,F,Maya,346,1.9074e-4
1982,F,Jason,274,1.5105e-4
1982,F,Matthew,273,1.505e-4
1982,F,Hailey,170,9.372e-5
1982,F,Nicholas,136,7.497e-5
1982,F,Steven,117,6.45e-5
1982,F,Amira,44,2.426e-5
1982,F,Tony,34,1.874e-5
1982,F,Isabella,33,1.819e-5
1982,F,Ian,29,1.599e-5
1982,F,Delina,15,8.27e-6
1982,F,Omar,12,6.62e-6
1982,F,Grant,7,3.86e-6
1982,F,Saul,7,3.86e-6
1982,F,Zeynep,6,3.31e-6
1982,M,Michael,68228,0.03615445
1982,M,Matthew,46060,0.02440749
1982,M,Jason,40624,0.02152691
1982,M,Nicholas,19647,0.01041107
1982,M,Steven,17145,0.00908524
1982,M,Ian,3581,0.00189759
1982,M,Tony,2607,0.00138147
1982,M,Omar,1385,7.3392e-4
1982,M,Kelly,1271,6.7351e-4
1982,M,Grant,1172,6.2105e-4
1982,M,Ethan,714,3.7835e-4
1982,M,Robin,406,2.1514e-4
1982,M,Saul,362,1.9183e-4
1982,M,Sarah,125,6.624e-5
1982,M,Nicole,84,4.451e-5
1982,M,Christina,67,3.55e-5
1982,M,Kristin,61,3.232e-5
1982,M,Corbin,60,3.179e-5
1982,M,Katherine,45,2.385e-5
1982,M,Ace,23,1.219e-5
1982,M,Alicia,22,1.166e-5
1982,M,Julie,21,1.113e-5
1982,M,Audrey,15,7.95e-6
1982,M,Niels,13,6.89e-6
1982,M,Caroline,7,3.71e-6
1983,F,Sarah,27231,0.01521834
1983,F,Nicole,22397,0.01251681
1983,F,Christina,15361,0.00858466
1983,F,Kelly,11584,0.00647384
1983,F,Katherine,9682,0.00541089
1983,F,Alicia,7490,0.00418587
1983,F,Kristin,7267,0.00406124
1983,F,Julie,6654,0.00371866
1983,F,Robin,2387,0.001334
1983,F,Caroline,1479,8.2656e-4
1983,F,Audrey,1468,8.2041e-4
1983,F,Serena,596,3.3308e-4
1983,F,Michael,577,3.2246e-4
1983,F,Matthew,317,1.7716e-4
1983,F,Maya,289,1.6151e-4
1983,F,Jason,245,1.3692e-4
1983,F,Hailey,182,1.0171e-4
1983,F,Nicholas,135,7.545e-5
1983,F,Steven,132,7.377e-5
1983,F,Amira,50,2.794e-5
1983,F,Tony,47,2.627e-5
1983,F,Isabella,31,1.732e-5
1983,F,Ian,24,1.341e-5
1983,F,Delina,22,1.229e-5
1983,F,Omar,12,6.71e-6
1983,F,Grant,9,5.03e-6
1983,F,Ethan,8,4.47e-6
1983,F,Corbin,7,3.91e-6
1983,M,Michael,67995,0.0364911
1983,M,Matthew,50214,0.02694851
1983,M,Jason,35114,0.01884475
1983,M,Nicholas,19892,0.01067551
1983,M,Steven,18312,0.00982756
1983,M,Ian,3670,0.00196959
1983,M,Tony,2351,0.00126172
1983,M,Grant,1552,8.3292e-4
1983,M,Omar,1271,6.8211e-4
1983,M,Kelly,1054,5.6565e-4
1983,M,Ethan,733,3.9338e-4
1983,M,Robin,412,2.2111e-4
1983,M,Saul,379,2.034e-4
1983,M,Sarah,118,6.333e-5
1983,M,Nicole,86,4.615e-5
1983,M,Christina,68,3.649e-5
1983,M,Corbin,57,3.059e-5
1983,M,Kristin,38,2.039e-5
1983,M,Ace,35,1.878e-5
1983,M,Katherine,33,1.771e-5
1983,M,Alicia,29,1.556e-5
1983,M,Julie,24,1.288e-5
1983,M,Audrey,13,6.98e-6
1983,M,Niels,11,5.9e-6
1984,F,Sarah,25882,0.01435584
1984,F,Nicole,22264,0.01234906
1984,F,Christina,14702,0.00815468
1984,F,Kelly,11217,0.00622168
1984,F,Katherine,10157,0.00563373
1984,F,Alicia,7819,0.00433693
1984,F,Kristin,7008,0.00388709
1984,F,Julie,5939,0.00329416
1984,F,Robin,2112,0.00117145
1984,F,Caroline,1633,9.0577e-4
1984,F,Audrey,1487,8.2479e-4
1984,F,Serena,577,3.2004e-4
1984,F,Michael,508,2.8177e-4
1984,F,Matthew,293,1.6252e-4
1984,F,Maya,241,1.3367e-4
1984,F,Hailey,227,1.2591e-4
1984,F,Jason,205,1.1371e-4
1984,F,Nicholas,146,8.098e-5
1984,F,Steven,127,7.044e-5
1984,F,Amira,53,2.94e-5
1984,F,Tony,36,1.997e-5
1984,F,Isabella,35,1.941e-5
1984,F,Ian,30,1.664e-5
1984,F,Delina,16,8.87e-6
1984,F,Grant,9,4.99e-6
1984,F,Omar,9,4.99e-6
1984,F,Corbin,6,3.33e-6
1984,F,Saul,6,3.33e-6
1984,F,Zeynep,6,3.33e-6
1984,F,Ethan,5,2.77e-6
1984,M,Michael,67736,0.03610228
1984,M,Matthew,49775,0.02652933
1984,M,Jason,29949,0.01596237
1984,M,Nicholas,21013,0.01119962
1984,M,Steven,18213,0.00970726
1984,M,Ian,3792,0.00202108
1984,M,Tony,2441,0.00130102
1984,M,Grant,1585,8.4478e-4
1984,M,Omar,1272,6.7796e-4
1984,M,Kelly,984,5.2446e-4
1984,M,Ethan,731,3.8961e-4
1984,M,Robin,434,2.3132e-4
1984,M,Saul,387,2.0627e-4
1984,M,Sarah,122,6.502e-5
1984,M,Christina,87,4.637e-5
1984,M,Nicole,75,3.997e-5
1984,M,Corbin,68,3.624e-5
1984,M,Kristin,50,2.665e-5
1984,M,Katherine,48,2.558e-5
1984,M,Alicia,33,1.759e-5
1984,M,Ace,29,1.546e-5
1984,M,Julie,29,1.546e-5
1984,M,Niels,16,8.53e-6
1984,M,Audrey,11,5.86e-6
1984,M,Caroline,10,5.33e-6
1985,F,Sarah,24880,0.0134785
1985,F,Nicole,22968,0.01244269
1985,F,Christina,16598,0.00899181
1985,F,Kelly,11031,0.00597594
1985,F,Katherine,10127,0.0054862
1985,F,Alicia,7122,0.00385827
1985,F,Kristin,6566,0.00355707
1985,F,Julie,5762,0.00312151
1985,F,Robin,2012,0.00108998
1985,F,Caroline,1751,9.4859e-4
1985,F,Audrey,1447,7.839e-4
1985,F,Serena,565,3.0608e-4
1985,F,Michael,531,2.8766e-4
1985,F,Hailey,370,2.0044e-4
1985,F,Matthew,294,1.5927e-4
1985,F,Maya,249,1.3489e-4
1985,F,Jason,184,9.968e-5
1985,F,Nicholas,162,8.776e-5
1985,F,Steven,145,7.855e-5
1985,F,Amira,61,3.305e-5
1985,F,Isabella,34,1.842e-5
1985,F,Ian,31,1.679e-5
1985,F,Tony,31,1.679e-5
1985,F,Delina,20,1.083e-5
1985,F,Grant,10,5.42e-6
1985,F,Omar,8,4.33e-6
1985,F,Saul,7,3.79e-6
1985,M,Michael,64906,0.03373805
1985,M,Matthew,47073,0.02446848
1985,M,Jason,26035,0.01353296
1985,M,Nicholas,22391,0.01163881
1985,M,Steven,18721,0.00973115
1985,M,Ian,3998,0.00207815
1985,M,Tony,2522,0.00131093
1985,M,Grant,1653,8.5923e-4
1985,M,Omar,1214,6.3104e-4
1985,M,Kelly,893,4.6418e-4
1985,M,Ethan,671,3.4878e-4
1985,M,Saul,409,2.126e-4
1985,M,Robin,372,1.9337e-4
1985,M,Sarah,101,5.25e-5
1985,M,Christina,86,4.47e-5
1985,M,Nicole,77,4.002e-5
1985,M,Corbin,54,2.807e-5
1985,M,Kristin,50,2.599e-5
1985,M,Katherine,39,2.027e-5
1985,M,Ace,32,1.663e-5
1985,M,Julie,28,1.455e-5
1985,M,Alicia,21,1.092e-5
1985,M,Niels,18,9.36e-6
1985,M,Audrey,13,6.76e-6
1985,M,Caroline,5,2.6e-6
1985,M,Serena,5,2.6e-6
1986,F,Sarah,28154,0.01525924
1986,F,Nicole,21286,0.01153684
1986,F,Christina,14378,0.00779276
1986,F,Katherine,10571,0.0057294
1986,F,Kelly,10414,0.0056443
1986,F,Alicia,7016,0.00380262
1986,F,Kristin,6000,0.00325195
1986,F,Julie,5017,0.00271917
1986,F,Robin,2265,0.00122761
1986,F,Caroline,1802,9.7667e-4
1986,F,Audrey,1487,8.0594e-4
1986,F,Michael,590,3.1978e-4
1986,F,Hailey,453,2.4552e-4
1986,F,Serena,453,2.4552e-4
1986,F,Matthew,282,1.5284e-4
1986,F,Maya,233,1.2628e-4
1986,F,Jason,163,8.834e-5
1986,F,Nicholas,135,7.317e-5
1986,F,Steven,125,6.775e-5
1986,F,Amira,61,3.306e-5
1986,F,Isabella,60,3.252e-5
1986,F,Ian,35,1.897e-5
1986,F,Tony,31,1.68e-5
1986,F,Omar,16,8.67e-6
1986,F,Grant,14,7.59e-6
1986,F,Delina,11,5.96e-6
1986,F,Ethan,9,4.88e-6
1986,M,Michael,64205,0.03342343
1986,M,Matthew,46923,0.02442687
1986,M,Nicholas,22798,0.01186804
1986,M,Jason,22395,0.01165825
1986,M,Steven,18098,0.00942134
1986,M,Ian,3713,0.00193289
1986,M,Tony,2359,0.00122803
1986,M,Grant,1484,7.7253e-4
1986,M,Omar,1312,6.8299e-4
1986,M,Kelly,872,4.5394e-4
1986,M,Ethan,596,3.1026e-4
1986,M,Saul,411,2.1396e-4
1986,M,Robin,354,1.8428e-4
1986,M,Sarah,116,6.039e-5
1986,M,Christina,91,4.737e-5
1986,M,Nicole,85,4.425e-5
1986,M,Corbin,79,4.113e-5
1986,M,Katherine,44,2.291e-5
1986,M,Kristin,37,1.926e-5
1986,M,Ace,35,1.822e-5
1986,M,Alicia,33,1.718e-5
1986,M,Julie,19,9.89e-6
1986,M,Niels,12,6.25e-6
1986,M,Audrey,11,5.73e-6
1986,M,Caroline,5,2.6e-6
1987,F,Sarah,27890,0.01488395
1987,F,Nicole,20285,0.01082542
1987,F,Christina,13814,0.00737206
1987,F,Katherine,10433,0.00556774
1987,F,Kelly,9864,0.00526408
1987,F,Alicia,6777,0.00361665
1987,F,Kristin,5461,0.00291435
1987,F,Julie,4742,0.00253064
1987,F,Caroline,2045,0.00109135
1987,F,Robin,1912,0.00102037
1987,F,Audrey,1487,7.9356e-4
1987,F,Michael,544,2.9031e-4
1987,F,Hailey,538,2.8711e-4
1987,F,Serena,448,2.3908e-4
1987,F,Maya,288,1.537e-4
1987,F,Matthew,287,1.5316e-4
1987,F,Nicholas,160,8.539e-5
1987,F,Steven,114,6.084e-5
1987,F,Jason,112,5.977e-5
1987,F,Isabella,74,3.949e-5
1987,F,Amira,51,2.722e-5
1987,F,Tony,42,2.241e-5
1987,F,Delina,21,1.121e-5
1987,F,Ian,20,1.067e-5
1987,F,Omar,15,8e-6
1987,F,Corbin,8,4.27e-6
1987,F,Grant,7,3.74e-6
1987,M,Michael,63647,0.03264834
1987,M,Matthew,46481,0.02384288
1987,M,Nicholas,23251,0.01192683
1987,M,Jason,19343,0.00992218
1987,M,Steven,17761,0.00911068
1987,M,Ian,3924,0.00201285
1987,M,Tony,2290,0.00117468
1987,M,Grant,1562,8.0124e-4
1987,M,Omar,1287,6.6018e-4
1987,M,Kelly,786,4.0319e-4
1987,M,Ethan,654,3.3548e-4
1987,M,Saul,429,2.2006e-4
1987,M,Robin,303,1.5543e-4
1987,M,Corbin,234,1.2003e-4
1987,M,Sarah,110,5.643e-5
1987,M,Christina,85,4.36e-5
1987,M,Nicole,76,3.898e-5
1987,M,Ace,44,2.257e-5
1987,M,Katherine,44,2.257e-5
1987,M,Kristin,44,2.257e-5
1987,M,Alicia,35,1.795e-5
1987,M,Julie,25,1.282e-5
1987,M,Caroline,11,5.64e-6
1987,M,Niels,9,4.62e-6
1987,M,Audrey,8,4.1e-6
1987,M,Hailey,6,3.08e-6
1988,F,Sarah,28366,0.01475413
1988,F,Nicole,20310,0.01056393
1988,F,Christina,12955,0.00673834
1988,F,Katherine,11149,0.00579898
1988,F,Kelly,8912,0.00463544
1988,F,Alicia,6697,0.00348334
1988,F,Kristin,6020,0.00313121
1988,F,Julie,4459,0.00231928
1988,F,Caroline,2322,0.00120775
1988,F,Robin,1765,9.1804e-4
1988,F,Audrey,1555,8.0881e-4
1988,F,Hailey,672,3.4953e-4
1988,F,Michael,480,2.4966e-4
1988,F,Serena,416,2.1638e-4
1988,F,Maya,287,1.4928e-4
1988,F,Matthew,253,1.3159e-4
1988,F,Nicholas,135,7.022e-5
1988,F,Steven,123,6.398e-5
1988,F,Jason,91,4.733e-5
1988,F,Isabella,80,4.161e-5
1988,F,Amira,78,4.057e-5
1988,F,Ian,33,1.716e-5
1988,F,Tony,21,1.092e-5
1988,F,Delina,19,9.88e-6
1988,F,Corbin,13,6.76e-6
1988,F,Omar,12,6.24e-6
1988,F,Grant,10,5.2e-6
1988,F,Anusha,5,2.6e-6
1988,F,Saul,5,2.6e-6
1988,M,Michael,64133,0.03204521
1988,M,Matthew,45868,0.02291877
1988,M,Nicholas,25291,0.0126371
1988,M,Steven,17859,0.00892357
1988,M,Jason,15904,0.0079467200000000009
1988,M,Ian,4314,0.00215557
1988,M,Tony,2243,0.00112076
1988,M,Grant,1622,8.1046e-4
1988,M,Omar,1425,7.1203e-4
1988,M,Ethan,895,4.472e-4
1988,M,Kelly,738,3.6875e-4
1988,M,Saul,435,2.1736e-4
1988,M,Corbin,374,1.8688e-4
1988,M,Robin,325,1.6239e-4
1988,M,Christina,94,4.697e-5
1988,M,Sarah,88,4.397e-5
1988,M,Nicole,59,2.948e-5
1988,M,Ace,48,2.398e-5
1988,M,Katherine,42,2.099e-5
1988,M,Alicia,29,1.449e-5
1988,M,Kristin,27,1.349e-5
1988,M,Julie,26,1.299e-5
1988,M,Audrey,16,7.99e-6
1988,M,Niels,11,5.5e-6
1988,M,Caroline,8,4e-6
1988,M,Hailey,5,2.5e-6
1989,F,Sarah,27792,0.01395258
1989,F,Nicole,19031,0.00955424
1989,F,Christina,13137,0.00659524
1989,F,Katherine,11415,0.00573074
1989,F,Kelly,8764,0.00439984
1989,F,Alicia,6817,0.00342238
1989,F,Kristin,6063,0.00304384
1989,F,Julie,3944,0.00198003
1989,F,Caroline,2663,0.00133692
1989,F,Robin,1801,9.0417e-4
1989,F,Audrey,1685,0.00084592999999999995
1989,F,Hailey,752,3.7753e-4
1989,F,Serena,448,2.2491e-4
1989,F,Michael,363,1.8224e-4
1989,F,Maya,342,1.717e-4
1989,F,Matthew,173,8.685e-5
1989,F,Isabella,141,7.079e-5
1989,F,Nicholas,121,6.075e-5
1989,F,Amira,98,4.92e-5
1989,F,Steven,80,4.016e-5
1989,F,Jason,43,2.159e-5
1989,F,Ian,29,1.456e-5
1989,F,Tony,21,1.054e-5
1989,F,Corbin,19,9.54e-6
1989,F,Omar,15,7.53e-6
1989,F,Ethan,13,6.53e-6
1989,F,Delina,11,5.52e-6
1989,F,Saul,8,4.02e-6
1989,F,Zeynep,6,3.01e-6
1989,M,Michael,65382,0.03120182
1989,M,Matthew,45371,0.0216521
1989,M,Nicholas,28225,0.01346963
1989,M,Steven,18921,0.00902954
1989,M,Jason,12605,0.0060154
1989,M,Ian,4947,0.00236082
1989,M,Ethan,4054,0.00193466
1989,M,Tony,2299,0.00109714
1989,M,Grant,1679,8.0126e-4
1989,M,Omar,1630,7.7787e-4
1989,M,Kelly,811,3.8703e-4
1989,M,Corbin,525,2.5054e-4
1989,M,Saul,522,2.4911e-4
1989,M,Robin,324,1.5462e-4
1989,M,Sarah,146,6.967e-5
1989,M,Christina,129,6.156e-5
1989,M,Nicole,107,5.106e-5
1989,M,Katherine,94,4.486e-5
1989,M,Kristin,44,2.1e-5
1989,M,Alicia,39,1.861e-5
1989,M,Ace,32,1.527e-5
1989,M,Caroline,30,1.432e-5
1989,M,Julie,22,1.05e-5
1989,M,Audrey,17,8.11e-6
1989,M,Maya,11,5.25e-6
1989,M,Niels,11,5.25e-6
1989,M,Hailey,9,4.3e-6
1989,M,Serena,6,2.86e-6
1989,M,Kobe,5,2.39e-6
1990,F,Sarah,25816,0.01256888
1990,F,Nicole,17951,0.00873969
1990,F,Christina,11926,0.00580634
1990,F,Katherine,11624,0.00565931
1990,F,Kelly,8135,0.00396064
1990,F,Alicia,6510,0.00316948
1990,F,Kristin,5303,0.00258184
1990,F,Julie,3654,0.001779
1990,F,Caroline,2820,0.00137296
1990,F,Audrey,1797,8.7489e-4
1990,F,Robin,1413,6.8794e-4
1990,F,Hailey,945,4.6009e-4
1990,F,Maya,651,3.1695e-4
1990,F,Serena,478,2.3272e-4
1990,F,Michael,278,1.3535e-4
1990,F,Isabella,215,1.0468e-4
1990,F,Matthew,125,6.086e-5
1990,F,Amira,92,4.479e-5
1990,F,Nicholas,70,3.408e-5
1990,F,Steven,69,3.359e-5
1990,F,Jason,42,2.045e-5
1990,F,Ian,30,1.461e-5
1990,F,Tony,25,1.217e-5
1990,F,Ethan,17,8.28e-6
1990,F,Corbin,16,7.79e-6
1990,F,Omar,13,6.33e-6
1990,F,Delina,10,4.87e-6
1990,F,Saul,7,3.41e-6
1990,F,Grant,5,2.43e-6
1990,F,Zeynep,5,2.43e-6
1990,M,Michael,65282,0.03034735
1990,M,Matthew,44800,0.02082597
1990,M,Nicholas,27900,0.01296975
1990,M,Steven,18753,0.00871762
1990,M,Jason,10684,0.00496662
1990,M,Ethan,6990,0.00324941
1990,M,Ian,5459,0.0025377
1990,M,Tony,2182,0.00101434
1990,M,Omar,1973,9.1718e-4
1990,M,Grant,1691,7.8609e-4
1990,M,Kelly,686,3.189e-4
1990,M,Saul,567,2.6358e-4
1990,M,Corbin,529,2.4591e-4
1990,M,Robin,281,1.3063e-4
1990,M,Christina,59,2.743e-5
1990,M,Sarah,57,2.65e-5
1990,M,Nicole,42,1.952e-5
1990,M,Katherine,32,1.488e-5
1990,M,Ace,29,1.348e-5
1990,M,Kristin,26,1.209e-5
1990,M,Alicia,23,1.069e-5
1990,M,Niels,17,7.9e-6
1990,M,Julie,15,6.97e-6
1990,M,Caroline,13,6.04e-6
1990,M,Audrey,6,2.79e-6
1991,F,Sarah,25223,0.01240608
1991,F,Nicole,16050,0.00789429
1991,F,Katherine,11489,0.00565093
1991,F,Christina,10565,0.00519646
1991,F,Kelly,7512,0.00369482
1991,F,Alicia,5557,0.00273324
1991,F,Kristin,4087,0.00201021
1991,F,Julie,3570,0.00175593
1991,F,Caroline,2843,0.00139835
1991,F,Audrey,1759,8.6517e-4
1991,F,Hailey,1506,7.4073e-4
1991,F,Robin,1233,6.0646e-4
1991,F,Maya,574,2.8233e-4
1991,F,Serena,498,2.4494e-4
1991,F,Isabella,305,1.5002e-4
1991,F,Michael,267,1.3133e-4
1991,F,Amira,117,5.755e-5
1991,F,Matthew,102,5.017e-5
1991,F,Nicholas,81,3.984e-5
1991,F,Steven,45,2.213e-5
1991,F,Jason,33,1.623e-5
1991,F,Ian,26,1.279e-5
1991,F,Tony,22,1.082e-5
1991,F,Delina,20,9.84e-6
1991,F,Corbin,19,9.35e-6
1991,F,Omar,16,7.87e-6
1991,F,Ethan,15,7.38e-6
1991,F,Anusha,10,4.92e-6
1991,F,Grant,6,2.95e-6
1991,F,Saul,5,2.46e-6
1991,F,Zeynep,5,2.46e-6
1991,M,Michael,60785,0.0286831
1991,M,Matthew,41636,0.01964711
1991,M,Nicholas,27357,0.01290917
1991,M,Steven,16857,0.00795445
1991,M,Jason,9380,0.00442622
1991,M,Ethan,6127,0.0028912
1991,M,Ian,5321,0.00251086
1991,M,Omar,2135,0.00100746
1991,M,Tony,2099,9.9047e-4
1991,M,Grant,1733,8.1776e-4
1991,M,Kelly,643,3.0342e-4
1991,M,Saul,592,2.7935e-4
1991,M,Corbin,552,2.6048e-4
1991,M,Robin,306,1.4439e-4
1991,M,Christina,55,2.595e-5
1991,M,Sarah,37,1.746e-5
1991,M,Ace,35,1.652e-5
1991,M,Nicole,32,1.51e-5
1991,M,Kristin,25,1.18e-5
1991,M,Katherine,20,9.44e-6
1991,M,Alicia,16,7.55e-6
1991,M,Niels,11,5.19e-6
1991,M,Audrey,8,3.78e-6
1991,M,Julie,7,3.3e-6
1991,M,Hailey,5,2.36e-6
1992,F,Sarah,24635,0.01229109
1992,F,Nicole,16323,0.008144
1992,F,Katherine,11148,0.00556205
1992,F,Christina,9441,0.00471038
1992,F,Kelly,7011,0.00349798
1992,F,Alicia,4908,0.00244874
1992,F,Kristin,3596,0.00179415
1992,F,Caroline,3176,0.0015846
1992,F,Julie,3169,0.0015811
1992,F,Hailey,1913,9.5445e-4
1992,F,Audrey,1741,8.6863e-4
1992,F,Robin,1055,5.2637e-4
1992,F,Maya,695,3.4675e-4
1992,F,Isabella,508,2.5346e-4
1992,F,Serena,500,2.4946e-4
1992,F,Michael,258,1.2872e-4
1992,F,Amira,113,5.638e-5
1992,F,Matthew,93,4.64e-5
1992,F,Nicholas,80,3.991e-5
1992,F,Steven,52,2.594e-5
1992,F,Jason,22,1.098e-5
1992,F,Omar,20,9.98e-6
1992,F,Corbin,18,8.98e-6
1992,F,Delina,18,8.98e-6
1992,F,Tony,18,8.98e-6
1992,F,Ethan,13,6.49e-6
1992,F,Anusha,11,5.49e-6
1992,F,Ian,10,4.99e-6
1992,F,Grant,8,3.99e-6
1992,F,Zeynep,8,3.99e-6
1992,F,Saul,5,2.49e-6
1992,M,Michael,54386,0.02591513
1992,M,Matthew,37736,0.01798134
1992,M,Nicholas,27755,0.01322536
1992,M,Steven,15038,0.00716566
1992,M,Jason,9240,0.00440289
1992,M,Ian,5533,0.00263649
1992,M,Ethan,4905,0.00233725
1992,M,Omar,2305,0.00109834
1992,M,Tony,1926,9.1775e-4
1992,M,Grant,1911,9.106e-4
1992,M,Saul,616,2.9353e-4
1992,M,Corbin,583,2.778e-4
1992,M,Kelly,534,2.5445e-4
1992,M,Robin,300,1.4295e-4
1992,M,Sarah,53,2.525e-5
1992,M,Christina,50,2.383e-5
1992,M,Ace,42,2.001e-5
1992,M,Nicole,37,1.763e-5
1992,M,Katherine,20,9.53e-6
1992,M,Kristin,18,8.58e-6
1992,M,Alicia,13,6.19e-6
1992,M,Julie,13,6.19e-6
1992,M,Niels,13,6.19e-6
1992,M,Audrey,9,4.29e-6
1992,M,Caroline,7,3.34e-6
1992,M,Hailey,5,2.38e-6
1993,F,Sarah,24251,0.01230281
1993,F,Nicole,16179,0.00820779
1993,F,Katherine,10506,0.00532982
1993,F,Christina,8286,0.00420358
1993,F,Kelly,6299,0.00319556
1993,F,Alicia,4431,0.0022479
1993,F,Caroline,3081,0.00156303
1993,F,Kristin,2991,0.00151737
1993,F,Julie,2736,0.001388
1993,F,Hailey,2529,0.00128299
1993,F,Audrey,1947,9.8774e-4
1993,F,Maya,1013,5.1391e-4
1993,F,Robin,998,5.063e-4
1993,F,Isabella,828,4.2005e-4
1993,F,Serena,546,2.7699e-4
1993,F,Michael,223,1.1313e-4
1993,F,Amira,147,7.457e-5
1993,F,Nicholas,91,4.617e-5
1993,F,Matthew,70,3.551e-5
1993,F,Steven,45,2.283e-5
1993,F,Tony,24,1.218e-5
1993,F,Ian,19,9.64e-6
1993,F,Jason,19,9.64e-6
1993,F,Delina,17,8.62e-6
1993,F,Corbin,13,6.6e-6
1993,F,Omar,13,6.6e-6
1993,F,Anusha,11,5.58e-6
1993,F,Ethan,8,4.06e-6
1993,M,Michael,49550,0.02399562
1993,M,Matthew,35769,0.01732189
1993,M,Nicholas,28105,0.01361043
1993,M,Steven,13465,0.00652071
1993,M,Jason,8633,0.00418071
1993,M,Ian,5398,0.00261409
1993,M,Ethan,4160,0.00201457
1993,M,Omar,2450,0.00118646
1993,M,Grant,2158,0.00104506
1993,M,Tony,1872,9.0656e-4
1993,M,Saul,580,2.8088e-4
1993,M,Corbin,506,2.4504e-4
1993,M,Kelly,475,2.3003e-4
1993,M,Robin,295,1.4286e-4
1993,M,Christina,60,2.906e-5
1993,M,Sarah,46,2.228e-5
1993,M,Ace,41,1.986e-5
1993,M,Nicole,40,1.937e-5
1993,M,Katherine,19,9.2e-6
1993,M,Niels,15,7.26e-6
1993,M,Kristin,14,6.78e-6
1993,M,Alicia,13,6.3e-6
1993,M,Julie,11,5.33e-6
1993,M,Hailey,6,2.91e-6
1993,M,Audrey,5,2.42e-6
1993,M,Maya,5,2.42e-6
1994,F,Sarah,22290,0.01143649
1994,F,Nicole,16011,0.00821488
1994,F,Katherine,9585,0.00491785
1994,F,Christina,7670,0.0039353
1994,F,Kelly,5445,0.00279371
1994,F,Alicia,4102,0.00210464
1994,F,Caroline,3449,0.0017696
1994,F,Kristin,2842,0.00145817
1994,F,Hailey,2686,0.00137813
1994,F,Julie,2455,0.0012596
1994,F,Audrey,1929,9.8973e-4
1994,F,Isabella,1277,6.552e-4
1994,F,Maya,1130,5.7978e-4
1994,F,Robin,799,4.0995e-4
1994,F,Serena,620,3.1811e-4
1994,F,Michael,192,9.851e-5
1994,F,Amira,153,7.85e-5
1994,F,Matthew,74,3.797e-5
1994,F,Nicholas,66,3.386e-5
1994,F,Steven,39,2.001e-5
1994,F,Jason,35,1.796e-5
1994,F,Corbin,29,1.488e-5
1994,F,Tony,20,1.026e-5
1994,F,Omar,19,9.75e-6
1994,F,Delina,16,8.21e-6
1994,F,Ethan,16,8.21e-6
1994,F,Anusha,10,5.13e-6
1994,F,Zeynep,8,4.1e-6
1994,F,Ian,7,3.59e-6
1994,M,Michael,44470,0.02182099
1994,M,Matthew,33646,0.01650976
1994,M,Nicholas,27761,0.01362205
1994,M,Steven,12087,0.00593097
1994,M,Jason,8546,0.00419344
1994,M,Ian,5267,0.00258446
1994,M,Ethan,4165,0.00204372
1994,M,Omar,2419,0.00118698
1994,M,Grant,2279,0.00111828
1994,M,Tony,1626,7.9786e-4
1994,M,Saul,599,2.9392e-4
1994,M,Corbin,582,2.8558e-4
1994,M,Kelly,385,1.8892e-4
1994,M,Robin,230,1.1286e-4
1994,M,Sarah,44,2.159e-5
1994,M,Christina,42,2.061e-5
1994,M,Nicole,39,1.914e-5
1994,M,Ace,35,1.717e-5
1994,M,Katherine,19,9.32e-6
1994,M,Kristin,16,7.85e-6
1994,M,Niels,14,6.87e-6
1994,M,Hailey,12,5.89e-6
1994,M,Julie,12,5.89e-6
1994,M,Alicia,10,4.9100000000000004e-06
1994,M,Audrey,8,3.93e-6
1994,M,Caroline,7,3.43e-6
1995,F,Sarah,21376,0.01112628
1995,F,Nicole,12276,0.0063897
1995,F,Katherine,8985,0.00467672
1995,F,Christina,6952,0.00361854
1995,F,Kelly,5398,0.00280968
1995,F,Alicia,3908,0.00203413
1995,F,Caroline,3799,0.00197739
1995,F,Hailey,2965,0.00154329
1995,F,Kristin,2417,0.00125806
1995,F,Julie,2276,0.00118467
1995,F,Audrey,1770,9.2129e-4
1995,F,Isabella,1738,9.0463e-4
1995,F,Maya,1240,6.4542e-4
1995,F,Serena,830,4.3202e-4
1995,F,Robin,726,3.7789e-4
1995,F,Michael,167,8.692e-5
1995,F,Amira,147,7.651e-5
1995,F,Matthew,63,3.279e-5
1995,F,Nicholas,56,2.915e-5
1995,F,Corbin,36,1.874e-5
1995,F,Jason,29,1.509e-5
1995,F,Steven,20,1.041e-5
1995,F,Omar,18,9.37e-6
1995,F,Delina,14,7.29e-6
1995,F,Anusha,13,6.77e-6
1995,F,Ethan,11,5.73e-6
1995,F,Tony,11,5.73e-6
1995,F,Zeynep,8,4.16e-6
1995,F,Ian,7,3.64e-6
1995,F,Grant,5,2.6e-6
1995,M,Michael,41402,0.02058782
1995,M,Matthew,32876,0.01634813
1995,M,Nicholas,29155,0.0144978
1995,M,Steven,10661,0.00530136
1995,M,Jason,9001,0.00447589
1995,M,Ian,5594,0.00278171
1995,M,Ethan,4931,0.00245202
1995,M,Grant,3206,0.00159424
1995,M,Omar,2505,0.00124565
1995,M,Tony,1555,7.7325e-4
1995,M,Saul,714,3.5505e-4
1995,M,Corbin,555,2.7598e-4
1995,M,Kelly,357,1.7752e-4
1995,M,Robin,225,1.1188e-4
1995,M,Ace,33,1.641e-5
1995,M,Sarah,32,1.591e-5
1995,M,Nicole,22,1.094e-5
1995,M,Christina,20,9.95e-6
1995,M,Kristin,17,8.45e-6
1995,M,Katherine,13,6.46e-6
1995,M,Niels,12,5.97e-6
1995,M,Alicia,10,4.97e-6
1995,M,Kobe,9,4.48e-6
1995,M,Hailey,6,2.98e-6
1996,F,Sarah,21036,0.01097407
1996,F,Nicole,11132,0.00580735
1996,F,Katherine,8875,0.00462991
1996,F,Christina,5803,0.00302731
1996,F,Kelly,4734,0.00246964
1996,F,Caroline,4465,0.0023293
1996,F,Alicia,3860,0.00201369
1996,F,Hailey,3761,0.00196204
1996,F,Kristin,2193,0.00114405
1996,F,Julie,2138,0.00111535
1996,F,Isabella,2109,0.00110022
1996,F,Audrey,1915,9.9902e-4
1996,F,Maya,1444,7.5331e-4
1996,F,Serena,925,4.8255e-4
1996,F,Robin,719,3.7509e-4
1996,F,Amira,160,8.347e-5
1996,F,Michael,157,8.19e-5
1996,F,Matthew,68,3.547e-5
1996,F,Nicholas,52,2.713e-5
1996,F,Corbin,30,1.565e-5
1996,F,Jason,26,1.356e-5
1996,F,Steven,26,1.356e-5
1996,F,Anusha,17,8.87e-6
1996,F,Ian,16,8.35e-6
1996,F,Tony,12,6.26e-6
1996,F,Delina,10,5.22e-6
1996,F,Ethan,7,3.65e-6
1996,F,Omar,7,3.65e-6
1996,F,Zeynep,5,2.61e-6
1996,M,Michael,38365,0.01915021
1996,M,Matthew,32073,0.01600951
1996,M,Nicholas,27720,0.01383667
1996,M,Steven,9649,0.00481638
1996,M,Jason,8697,0.00434118
1996,M,Ethan,5852,0.00292108
1996,M,Ian,5410,0.00270045
1996,M,Grant,3205,0.0015998
1996,M,Omar,2517,0.00125638
1996,M,Tony,1315,6.5639e-4
1996,M,Saul,869,4.3377e-4
1996,M,Corbin,542,2.7054e-4
1996,M,Kelly,339,1.6921e-4
1996,M,Robin,178,8.885e-5
1996,M,Kobe,87,4.343e-5
1996,M,Ace,46,2.296e-5
1996,M,Sarah,33,1.647e-5
1996,M,Christina,27,1.348e-5
1996,M,Nicole,19,9.48e-6
1996,M,Katherine,14,6.99e-6
1996,M,Niels,14,6.99e-6
1996,M,Kristin,10,4.99e-6
1996,M,Alicia,9,4.49e-6
1996,M,Hailey,9,4.49e-6
1996,M,Julie,9,4.49e-6
1996,M,Audrey,8,3.99e-6
1996,M,Maya,7,3.49e-6
1997,F,Sarah,20702,0.01084551
1997,F,Nicole,10744,0.00562864
1997,F,Katherine,8516,0.00446142
1997,F,Christina,5181,0.00271426
1997,F,Caroline,4439,0.00232554
1997,F,Hailey,4144,0.00217099
1997,F,Kelly,4063,0.00212855
1997,F,Alicia,3782,0.00198134
1997,F,Isabella,2861,0.00149884
1997,F,Audrey,2007,0.00105144
1997,F,Julie,1864,9.7653e-4
1997,F,Kristin,1752,9.1785e-4
1997,F,Maya,1675,8.7751e-4
1997,F,Serena,1205,6.3128e-4
1997,F,Robin,596,3.1224e-4
1997,F,Amira,183,9.587e-5
1997,F,Michael,142,7.439e-5
1997,F,Nicholas,51,2.672e-5
1997,F,Matthew,48,2.515e-5
1997,F,Anusha,28,1.467e-5
1997,F,Corbin,23,1.205e-5
1997,F,Steven,23,1.205e-5
1997,F,Jason,17,8.91e-6
1997,F,Delina,14,7.33e-6
1997,F,Kobe,13,6.81e-6
1997,F,Ethan,12,6.29e-6
1997,F,Tony,10,5.24e-6
1997,F,Zeynep,10,5.24e-6
1997,F,Ian,7,3.67e-6
1997,F,Saul,7,3.67e-6
1997,F,Omar,6,3.14e-6
1997,M,Michael,37548,0.01879903
1997,M,Matthew,31513,0.01577751
1997,M,Nicholas,27257,0.01364667
1997,M,Steven,8765,0.00438834
1997,M,Jason,8745,0.00437833
1997,M,Ethan,7806,0.0039082
1997,M,Ian,5207,0.00260697
1997,M,Grant,3314,0.00165921
1997,M,Omar,2289,0.00114603
1997,M,Tony,1248,6.2483e-4
1997,M,Saul,1044,5.227e-4
1997,M,Corbin,547,2.7386e-4
1997,M,Kobe,350,1.7523e-4
1997,M,Kelly,284,1.4219e-4
1997,M,Robin,175,8.762e-5
1997,M,Ace,40,2.003e-5
1997,M,Nicole,17,8.51e-6
1997,M,Sarah,17,8.51e-6
1997,M,Christina,13,6.51e-6
1997,M,Katherine,11,5.51e-6
1997,M,Alicia,10,5.01e-6
1997,M,Audrey,8,4.01e-6
1997,M,Niels,8,4.01e-6
1997,M,Hailey,7,3.5e-6
1997,M,Kristin,7,3.5e-6
1997,M,Caroline,5,2.5e-6
1997,M,Isabella,5,2.5e-6
1998,F,Sarah,19879,0.01025744
1998,F,Nicole,9911,0.00511401
1998,F,Katherine,8204,0.00423321
1998,F,Christina,4531,0.00233797
1998,F,Hailey,4472,0.00230752
1998,F,Caroline,4275,0.00220587
1998,F,Isabella,3849,0.00198606
1998,F,Kelly,3703,0.00191072
1998,F,Alicia,3407,0.00175799
1998,F,Maya,2685,0.00138544
1998,F,Audrey,2202,0.00113622
1998,F,Julie,1805,9.3137e-4
1998,F,Kristin,1447,7.4664e-4
1998,F,Serena,1401,7.2291e-4
1998,F,Robin,496,2.5593e-4
1998,F,Amira,229,1.1816e-4
1998,F,Michael,128,6.605e-5
1998,F,Matthew,55,2.838e-5
1998,F,Anusha,42,2.167e-5
1998,F,Nicholas,38,1.961e-5
1998,F,Jason,22,1.135e-5
1998,F,Corbin,19,9.8e-6
1998,F,Steven,18,9.29e-6
1998,F,Delina,15,7.74e-6
1998,F,Ethan,14,7.22e-6
1998,F,Zeynep,14,7.22e-6
1998,F,Ian,12,6.19e-6
1998,F,Kobe,12,6.19e-6
1998,F,Tony,10,5.16e-6
1998,F,Grant,5,2.58e-6
1998,M,Michael,36614,0.01806194
1998,M,Matthew,31142,0.01536256
1998,M,Nicholas,26634,0.01313873
1998,M,Ethan,10533,0.005196
1998,M,Jason,9395,0.00463462
1998,M,Steven,8113,0.0040022
1998,M,Ian,5351,0.00263968
1998,M,Grant,3014,0.00148683
1998,M,Omar,2451,0.00120909
1998,M,Tony,1177,5.8062e-4
1998,M,Kobe,1104,5.4461e-4
1998,M,Saul,916,4.5187e-4
1998,M,Corbin,847,4.1783e-4
1998,M,Kelly,240,1.1839e-4
1998,M,Robin,158,7.794e-5
1998,M,Ace,30,1.48e-5
1998,M,Sarah,24,1.184e-5
1998,M,Christina,19,9.37e-6
1998,M,Katherine,13,6.41e-6
1998,M,Niels,13,6.41e-6
1998,M,Kristin,12,5.92e-6
1998,M,Maya,9,4.44e-6
1998,M,Nicole,9,4.44e-6
1998,M,Caroline,6,2.96e-6
1998,M,Audrey,5,2.47e-6
1999,F,Sarah,19102,0.009815
1999,F,Nicole,9515,0.004889
1999,F,Katherine,7933,0.00407614
1999,F,Hailey,5369,0.0027587
1999,F,Isabella,5059,0.00259942
1999,F,Caroline,4472,0.00229781
1999,F,Christina,4296,0.00220737
1999,F,Kelly,3419,0.00175675
1999,F,Alicia,3014,0.00154866
1999,F,Maya,2854,0.00146644
1999,F,Audrey,2456,0.00126194
1999,F,Julie,1757,9.0278e-4
1999,F,Serena,1440,7.399e-4
1999,F,Kristin,1194,6.135e-4
1999,F,Robin,462,2.3739e-4
1999,F,Amira,221,1.1355e-4
1999,F,Michael,123,6.32e-5
1999,F,Anusha,52,2.672e-5
1999,F,Nicholas,39,2.004e-5
1999,F,Matthew,37,1.901e-5
1999,F,Corbin,24,1.233e-5
1999,F,Kobe,23,1.182e-5
1999,F,Steven,20,1.028e-5
1999,F,Delina,19,9.76e-6
1999,F,Jason,18,9.25e-6
1999,F,Ethan,15,7.71e-6
1999,F,Zeynep,13,6.68e-6
1999,F,Ian,12,6.17e-6
1999,F,Omar,7,3.6e-6
1999,F,Tony,5,2.57e-6
1999,M,Michael,33912,0.01663702
1999,M,Matthew,30415,0.01492141
1999,M,Nicholas,25638,0.01257784
1999,M,Ethan,11442,0.00561337
1999,M,Jason,9362,0.00459294
1999,M,Steven,7688,0.00377169
1999,M,Ian,5451,0.00267423
1999,M,Grant,2939,0.00144186
1999,M,Omar,2670,0.00130989
1999,M,Tony,1133,5.5584e-4
1999,M,Corbin,981,4.8127e-4
1999,M,Saul,891,4.3712e-4
1999,M,Kobe,860,4.2191e-4
1999,M,Kelly,195,9.567e-5
1999,M,Robin,158,7.751e-5
1999,M,Ace,40,1.962e-5
1999,M,Nicole,22,1.079e-5
1999,M,Niels,14,6.87e-6
1999,M,Christina,13,6.38e-6
1999,M,Sarah,13,6.38e-6
1999,M,Kristin,12,5.89e-6
1999,M,Hailey,8,3.92e-6
1999,M,Maya,8,3.92e-6
1999,M,Audrey,7,3.43e-6
1999,M,Isabella,7,3.43e-6
1999,M,Katherine,7,3.43e-6
1999,M,Caroline,6,2.94e-6
1999,M,Julie,6,2.94e-6
2000,F,Sarah,17697,0.00887121
2000,F,Nicole,8561,0.00429148
2000,F,Katherine,8107,0.0040639
2000,F,Hailey,7831,0.00392555
2000,F,Isabella,6242,0.00312901
2000,F,Caroline,5022,0.00251744
2000,F,Christina,4328,0.00216955
2000,F,Kelly,3076,0.00154195
2000,F,Maya,3017,0.00151237
2000,F,Audrey,2872,0.00143968
2000,F,Alicia,2761,0.00138404
2000,F,Julie,1677,8.4065e-4
2000,F,Serena,1504,7.5393e-4
2000,F,Kristin,1056,5.2935e-4
2000,F,Robin,423,2.1204e-4
2000,F,Amira,268,1.3434e-4
2000,F,Michael,114,5.715e-5
2000,F,Anusha,54,2.707e-5
2000,F,Matthew,44,2.206e-5
2000,F,Nicholas,39,1.955e-5
2000,F,Delina,26,1.303e-5
2000,F,Kobe,25,1.253e-5
2000,F,Corbin,24,1.203e-5
2000,F,Jason,24,1.203e-5
2000,F,Ethan,21,1.053e-5
2000,F,Steven,17,8.52e-6
2000,F,Zeynep,12,6.02e-6
2000,F,Omar,8,4.01e-6
2000,F,Tony,7,3.51e-6
2000,F,Ian,6,3.01e-6
2000,F,Saul,6,3.01e-6
2000,M,Michael,32035,0.01534691
2000,M,Matthew,28572,0.0136879
2000,M,Nicholas,24652,0.01180996
2000,M,Ethan,15223,0.00729284
2000,M,Jason,9772,0.00468144
2000,M,Steven,7355,0.00352354
2000,M,Ian,5886,0.00281979
2000,M,Grant,3173,0.00152008
2000,M,Omar,2686,0.00128677
2000,M,Kobe,1432,6.8602e-4
2000,M,Tony,1086,5.2027e-4
2000,M,Saul,1058,5.0685e-4
2000,M,Corbin,1034,4.9536e-4
2000,M,Kelly,201,9.629e-5
2000,M,Robin,136,6.515e-5
2000,M,Ace,54,2.587e-5
2000,M,Sarah,26,1.246e-5
2000,M,Nicole,21,1.006e-5
2000,M,Hailey,13,6.23e-6
2000,M,Katherine,13,6.23e-6
2000,M,Niels,13,6.23e-6
2000,M,Kristin,11,5.27e-6
2000,M,Audrey,10,4.79e-6
2000,M,Christina,10,4.79e-6
2000,M,Isabella,8,3.83e-6
2000,M,Caroline,7,3.35e-6
2000,M,Maya,6,2.87e-6
2000,M,Julie,5,2.4e-6
2001,F,Sarah,15896,0.00802812
2001,F,Isabella,8834,0.00446153
2001,F,Hailey,8030,0.00405547
2001,F,Katherine,7879,0.00397921
2001,F,Nicole,7816,0.0039474
2001,F,Caroline,4862,0.00245551
2001,F,Christina,3741,0.00188936
2001,F,Maya,3010,0.00152017
2001,F,Audrey,2950,0.00148987
2001,F,Kelly,2814,0.00142118
2001,F,Alicia,2657,0.00134189
2001,F,Julie,1414,7.1413e-4
2001,F,Serena,1296,6.5453e-4
2001,F,Kristin,963,4.8635e-4
2001,F,Robin,359,1.8131e-4
2001,F,Amira,286,1.4444e-4
2001,F,Michael,96,4.848e-5
2001,F,Anusha,66,3.333e-5
2001,F,Matthew,49,2.475e-5
2001,F,Nicholas,35,1.768e-5
2001,F,Delina,22,1.111e-5
2001,F,Jason,22,1.111e-5
2001,F,Ethan,21,1.061e-5
2001,F,Kobe,19,9.6e-6
2001,F,Zeynep,18,9.09e-6
2001,F,Corbin,17,8.59e-6
2001,F,Ian,16,8.08e-6
2001,F,Steven,14,7.07e-6
2001,F,Tony,10,5.05e-6
2001,F,Omar,7,3.54e-6
2001,F,Grant,5,2.53e-6
2001,M,Michael,29681,0.01435653
2001,M,Matthew,26806,0.01296591
2001,M,Nicholas,22842,0.01104854
2001,M,Ethan,17962,0.00868811
2001,M,Jason,10162,0.0049153
2001,M,Steven,6587,0.00318609
2001,M,Ian,6083,0.00294231
2001,M,Grant,2922,0.00141335
2001,M,Omar,2722,0.00131662
2001,M,Kobe,1552,7.5069e-4
2001,M,Saul,1102,5.3303e-4
2001,M,Tony,1025,4.9579e-4
2001,M,Corbin,992,4.7982e-4
2001,M,Kelly,174,8.416e-5
2001,M,Robin,132,6.385e-5
2001,M,Ace,52,2.515e-5
2001,M,Sarah,22,1.064e-5
2001,M,Niels,21,1.016e-5
2001,M,Katherine,14,6.77e-6
2001,M,Nicole,14,6.77e-6
2001,M,Christina,10,4.84e-6
2001,M,Caroline,8,3.87e-6
2001,M,Hailey,8,3.87e-6
2001,M,Kristin,8,3.87e-6
2001,M,Audrey,7,3.39e-6
2001,M,Isabella,6,2.9e-6
2001,M,Maya,5,2.42e-6
2002,F,Sarah,14758,0.00747635
2002,F,Isabella,12166,0.00616325
2002,F,Hailey,7991,0.00404821
2002,F,Katherine,7212,0.00365358
2002,F,Nicole,6974,0.00353301
2002,F,Caroline,4655,0.00235821
2002,F,Maya,3543,0.00179487
2002,F,Christina,3386,0.00171534
2002,F,Audrey,3306,0.00167481
2002,F,Kelly,2852,0.00144481
2002,F,Alicia,2818,0.00142759
2002,F,Julie,1468,7.4368e-4
2002,F,Serena,1306,6.6162e-4
2002,F,Kristin,829,4.1997e-4
2002,F,Amira,318,1.611e-4
2002,F,Robin,271,1.3729e-4
2002,F,Michael,95,4.813e-5
2002,F,Anusha,70,3.546e-5
2002,F,Nicholas,39,1.976e-5
2002,F,Ethan,37,1.874e-5
2002,F,Matthew,35,1.773e-5
2002,F,Delina,29,1.469e-5
2002,F,Zeynep,21,1.064e-5
2002,F,Jason,20,1.013e-5
2002,F,Kobe,16,8.11e-6
2002,F,Corbin,15,7.6e-6
2002,F,Steven,15,7.6e-6
2002,F,Ian,8,4.05e-6
2002,F,Omar,6,3.04e-6
2002,F,Mridula,5,2.53e-6
2002,M,Michael,28246,0.01367493
2002,M,Matthew,25151,0.01217653
2002,M,Ethan,22108,0.0107033
2002,M,Nicholas,21389,0.01035521
2002,M,Jason,9954,0.0048191
2002,M,Ian,6361,0.0030796
2002,M,Steven,6216,0.0030094
2002,M,Grant,3076,0.00148921
2002,M,Omar,2621,0.00126892
2002,M,Kobe,1392,6.7392e-4
2002,M,Tony,1070,5.1803e-4
2002,M,Saul,1028,4.9769e-4
2002,M,Corbin,1020,4.9382e-4
2002,M,Kelly,185,8.957e-5
2002,M,Robin,122,5.906e-5
2002,M,Ace,48,2.324e-5
2002,M,Sarah,22,1.065e-5
2002,M,Nicole,17,8.23e-6
2002,M,Christina,16,7.75e-6
2002,M,Niels,15,7.26e-6
2002,M,Hailey,12,5.81e-6
2002,M,Katherine,12,5.81e-6
2002,M,Isabella,11,5.33e-6
2002,M,Kristin,6,2.9e-6
2002,M,Audrey,5,2.42e-6
2002,M,Maya,5,2.42e-6
2003,F,Isabella,13775,0.00686893
2003,F,Sarah,13760,0.00686145
2003,F,Hailey,8793,0.00438465
2003,F,Katherine,7125,0.0035529
2003,F,Nicole,6229,0.0031061
2003,F,Caroline,4585,0.00228632
2003,F,Audrey,3997,0.00199311
2003,F,Maya,3849,0.00191931
2003,F,Christina,3111,0.00155131
2003,F,Kelly,2735,0.00136381
2003,F,Alicia,2541,0.00126708
2003,F,Julie,1352,6.7418e-4
2003,F,Serena,1276,6.3628e-4
2003,F,Kristin,716,3.5703e-4
2003,F,Amira,374,1.865e-4
2003,F,Robin,255,1.2716e-4
2003,F,Michael,94,4.687e-5
2003,F,Anusha,72,3.59e-5
2003,F,Nicholas,44,2.194e-5
2003,F,Matthew,37,1.845e-5
2003,F,Delina,30,1.496e-5
2003,F,Ethan,29,1.446e-5
2003,F,Jason,24,1.197e-5
2003,F,Zeynep,20,9.97e-6
2003,F,Kobe,15,7.48e-6
2003,F,Ian,14,6.98e-6
2003,F,Corbin,12,5.98e-6
2003,F,Tony,12,5.98e-6
2003,F,Omar,8,3.99e-6
2003,F,Steven,8,3.99e-6
2003,F,Mridula,6,2.99e-6
2003,M,Michael,27118,0.01291301
2003,M,Matthew,23996,0.01142638
2003,M,Ethan,21356,0.01016927
2003,M,Nicholas,19691,0.00937643
2003,M,Jason,9819,0.0046756
2003,M,Ian,6466,0.00307897
2003,M,Steven,5856,0.0027885
2003,M,Grant,2916,0.00138854
2003,M,Omar,2702,0.00128663
2003,M,Kobe,1212,5.7713e-4
2003,M,Corbin,1112,5.2951e-4
2003,M,Saul,1072,5.1046e-4
2003,M,Tony,999,4.757e-4
2003,M,Kelly,146,6.952e-5
2003,M,Robin,112,5.333e-5
2003,M,Ace,61,2.905e-5
2003,M,Sarah,26,1.238e-5
2003,M,Isabella,18,8.57e-6
2003,M,Maya,13,6.19e-6
2003,M,Nicole,13,6.19e-6
2003,M,Niels,13,6.19e-6
2003,M,Hailey,10,4.76e-6
2003,M,Katherine,10,4.76e-6
2003,M,Audrey,9,4.29e-6
2003,M,Christina,8,3.81e-6
2004,F,Isabella,15016,0.00744625
2004,F,Sarah,12735,0.00631513
2004,F,Hailey,8683,0.00430579
2004,F,Katherine,6738,0.00334129
2004,F,Nicole,5738,0.0028454
2004,F,Caroline,4377,0.0021705
2004,F,Audrey,3902,0.00193495
2004,F,Maya,3766,0.00186751
2004,F,Christina,2732,0.00135477
2004,F,Alicia,2515,0.00124716
2004,F,Kelly,2357,0.00116881
2004,F,Julie,1239,6.1441e-4
2004,F,Serena,1063,5.2713e-4
2004,F,Kristin,553,2.7423e-4
2004,F,Amira,419,2.0778e-4
2004,F,Robin,253,1.2546e-4
2004,F,Michael,148,7.339e-5
2004,F,Ethan,126,6.248e-5
2004,F,Matthew,105,5.207e-5
2004,F,Nicholas,72,3.57e-5
2004,F,Anusha,64,3.174e-5
2004,F,Jason,33,1.636e-5
2004,F,Steven,25,1.24e-5
2004,F,Ian,24,1.19e-5
2004,F,Zeynep,22,1.091e-5
2004,F,Delina,19,9.42e-6
2004,F,Corbin,18,8.93e-6
2004,F,Grant,11,5.45e-6
2004,F,Omar,10,4.96e-6
2004,F,Kobe,8,3.97e-6
2004,F,Tony,8,3.97e-6
2004,F,Mridula,6,2.98e-6
2004,F,Saul,6,2.98e-6
2004,M,Michael,25454,0.012051
2004,M,Matthew,22873,0.01082904
2004,M,Ethan,22204,0.01051231
2004,M,Nicholas,18514,0.00876531
2004,M,Jason,9060,0.00428939
2004,M,Ian,6504,0.00307927
2004,M,Steven,5352,0.00253386
2004,M,Grant,2815,0.00133274
2004,M,Omar,2723,0.00128918
2004,M,Corbin,1212,5.7381e-4
2004,M,Saul,1103,5.2221e-4
2004,M,Tony,957,4.5308e-4
2004,M,Kobe,625,2.959e-4
2004,M,Kelly,160,7.575e-5
2004,M,Robin,132,6.249e-5
2004,M,Ace,117,5.539e-5
2004,M,Sarah,53,2.509e-5
2004,M,Isabella,49,2.32e-5
2004,M,Hailey,40,1.894e-5
2004,M,Katherine,32,1.515e-5
2004,M,Audrey,19,9e-6
2004,M,Nicole,17,8.05e-6
2004,M,Caroline,13,6.15e-6
2004,M,Kristin,11,5.21e-6
2004,M,Niels,11,5.21e-6
2004,M,Christina,10,4.73e-6
2004,M,Julie,7,3.31e-6
2004,M,Alicia,6,2.84e-6
2004,M,Maya,5,2.37e-6
2005,F,Isabella,15183,0.00748604
2005,F,Sarah,11532,0.0056859
2005,F,Hailey,8589,0.00423484
2005,F,Katherine,6390,0.00315062
2005,F,Nicole,4987,0.00245886
2005,F,Maya,4428,0.00218324
2005,F,Audrey,4135,0.00203878
2005,F,Caroline,3973,0.0019589
2005,F,Christina,2452,0.00120897
2005,F,Alicia,2342,0.00115473
2005,F,Kelly,1951,9.6195e-4
2005,F,Julie,1181,5.823e-4
2005,F,Serena,866,4.2699e-4
2005,F,Kristin,539,2.6576e-4
2005,F,Amira,480,2.3667e-4
2005,F,Robin,214,1.0551e-4
2005,F,Anusha,66,3.254e-5
2005,F,Michael,61,3.008e-5
2005,F,Ethan,36,1.775e-5
2005,F,Delina,33,1.627e-5
2005,F,Matthew,33,1.627e-5
2005,F,Nicholas,24,1.183e-5
2005,F,Zeynep,17,8.38e-6
2005,F,Corbin,16,7.89e-6
2005,F,Ian,16,7.89e-6
2005,F,Steven,9,4.44e-6
2005,F,Jason,7,3.45e-6
2005,F,Tony,7,3.45e-6
2005,F,Grant,6,2.96e-6
2005,F,Kobe,6,2.96e-6
2005,M,Michael,23812,0.0112002
2005,M,Matthew,21467,0.0100972
2005,M,Ethan,21309,0.01002289
2005,M,Nicholas,17070,0.00802903
2005,M,Jason,8611,0.00405026
2005,M,Ian,6684,0.00314388
2005,M,Steven,5074,0.0023866
2005,M,Omar,2966,0.00139509
2005,M,Grant,2658,0.00125022
2005,M,Saul,1112,5.2304e-4
2005,M,Corbin,1066,5.014e-4
2005,M,Tony,1029,4.84e-4
2005,M,Kobe,443,2.0837e-4
2005,M,Ace,137,6.444e-5
2005,M,Robin,130,6.115e-5
2005,M,Kelly,127,5.974e-5
2005,M,Sarah,18,8.47e-6
2005,M,Isabella,16,7.53e-6
2005,M,Katherine,14,6.59e-6
2005,M,Nicole,12,5.64e-6
2005,M,Niels,11,5.17e-6
2005,M,Audrey,10,4.7e-6
2005,M,Hailey,10,4.7e-6
2005,M,Christina,9,4.23e-6
2005,M,Maya,9,4.23e-6
2005,M,Caroline,7,3.29e-6
2005,M,Kristin,6,2.82e-6
2005,M,Alicia,5,2.35e-6
2006,F,Isabella,18222,0.00872263
2006,F,Sarah,11148,0.0053364
2006,F,Hailey,8421,0.00403102
2006,F,Katherine,6293,0.00301238
2006,F,Maya,5046,0.00241545
2006,F,Audrey,4647,0.00222446
2006,F,Nicole,4319,0.00206745
2006,F,Caroline,3788,0.00181327
2006,F,Christina,2226,0.00106556
2006,F,Alicia,2130,0.0010196
2006,F,Kelly,1610,7.7069e-4
2006,F,Julie,1110,5.3134e-4
2006,F,Serena,808,3.8678e-4
2006,F,Amira,513,2.4557e-4
2006,F,Kristin,510,2.4413e-4
2006,F,Robin,225,1.077e-4
2006,F,Anusha,68,3.255e-5
2006,F,Michael,64,3.064e-5
2006,F,Ethan,26,1.245e-5
2006,F,Matthew,22,1.053e-5
2006,F,Zeynep,21,1.005e-5
2006,F,Delina,18,8.62e-6
2006,F,Nicholas,16,7.66e-6
2006,F,Corbin,12,5.74e-6
2006,F,Ian,12,5.74e-6
2006,F,Kobe,11,5.27e-6
2006,F,Omar,9,4.31e-6
2006,F,Steven,9,4.31e-6
2006,F,Grant,8,3.83e-6
2006,F,Jason,8,3.83e-6
2006,F,Tony,6,2.87e-6
2006,M,Michael,22632,0.0103303
2006,M,Ethan,20511,0.00936218
2006,M,Matthew,20331,0.00928001
2006,M,Nicholas,15669,0.00715206
2006,M,Jason,8447,0.0038556
2006,M,Ian,6152,0.00280806
2006,M,Steven,4815,0.00219779
2006,M,Omar,3105,0.00141727
2006,M,Grant,2688,0.00122693
2006,M,Corbin,1180,5.3861e-4
2006,M,Saul,1120,5.1122e-4
2006,M,Tony,984,4.4914e-4
2006,M,Kobe,469,2.1407e-4
2006,M,Ace,241,1.1e-4
2006,M,Kelly,139,6.345e-5
2006,M,Robin,120,5.477e-5
2006,M,Isabella,18,8.22e-6
2006,M,Sarah,17,7.76e-6
2006,M,Hailey,16,7.3e-6
2006,M,Nicole,13,5.93e-6
2006,M,Kristin,11,5.02e-6
2006,M,Niels,10,4.56e-6
2006,M,Audrey,7,3.2e-6
2006,M,Christina,7,3.2e-6
2006,M,Katherine,6,2.74e-6
2006,M,Maya,6,2.74e-6
2007,F,Isabella,19137,0.0090491
2007,F,Sarah,9989,0.00472338
2007,F,Hailey,8433,0.00398762
2007,F,Katherine,5816,0.00275015
2007,F,Audrey,5249,0.00248203
2007,F,Maya,4699,0.00222196
2007,F,Nicole,3868,0.00182902
2007,F,Caroline,3406,0.00161056
2007,F,Christina,2018,9.5423e-4
2007,F,Alicia,1948,9.2113e-4
2007,F,Kelly,1568,7.4144e-4
2007,F,Julie,1119,5.2913e-4
2007,F,Serena,810,3.8302e-4
2007,F,Amira,603,2.8513e-4
2007,F,Kristin,353,1.6692e-4
2007,F,Robin,214,1.0119e-4
2007,F,Anusha,66,3.121e-5
2007,F,Michael,51,2.412e-5
2007,F,Zeynep,33,1.56e-5
2007,F,Delina,29,1.371e-5
2007,F,Matthew,23,1.088e-5
2007,F,Ethan,17,8.04e-6
2007,F,Nicholas,14,6.62e-6
2007,F,Ian,12,5.67e-6
2007,F,Jason,11,5.2e-6
2007,F,Corbin,10,4.73e-6
2007,F,Tony,10,4.73e-6
2007,F,Kobe,9,4.26e-6
2007,F,Steven,9,4.26e-6
2007,F,Omar,7,3.31e-6
2007,F,Ilinca,6,2.84e-6
2007,F,Mridula,5,2.36e-6
2007,M,Michael,21987,0.00993348
2007,M,Ethan,21027,0.00949977
2007,M,Matthew,18734,0.00846381
2007,M,Nicholas,14354,0.00648498
2007,M,Jason,8118,0.00366762
2007,M,Ian,6249,0.00282323
2007,M,Steven,4548,0.00205474
2007,M,Omar,3214,0.00145205
2007,M,Grant,2568,0.00116019
2007,M,Corbin,1463,6.6097e-4
2007,M,Saul,1070,4.8341e-4
2007,M,Tony,1001,4.5224e-4
2007,M,Kobe,572,2.5842e-4
2007,M,Ace,279,1.2605e-4
2007,M,Kelly,154,6.958e-5
2007,M,Robin,129,5.828e-5
2007,M,Isabella,21,9.49e-6
2007,M,Niels,14,6.33e-6
2007,M,Sarah,13,5.87e-6
2007,M,Hailey,10,4.52e-6
2007,M,Audrey,9,4.07e-6
2007,M,Kristin,9,4.07e-6
2007,M,Nicole,9,4.07e-6
2007,M,Christina,7,3.16e-6
2007,M,Katherine,7,3.16e-6
2007,M,Maya,5,2.26e-6
2008,F,Isabella,18612,0.00894408
2008,F,Sarah,9042,0.00434517
2008,F,Hailey,7866,0.00378004
2008,F,Audrey,5438,0.00261326
2008,F,Katherine,5346,0.00256904
2008,F,Maya,4265,0.00204957
2008,F,Caroline,3540,0.00170116
2008,F,Nicole,3289,0.00158054
2008,F,Alicia,1862,8.9479e-4
2008,F,Christina,1675,8.0493e-4
2008,F,Kelly,1399,6.723e-4
2008,F,Julie,993,4.7719e-4
2008,F,Serena,882,4.2385e-4
2008,F,Amira,729,3.5032e-4
2008,F,Kristin,317,1.5234e-4
2008,F,Robin,188,9.034e-5
2008,F,Michael,55,2.643e-5
2008,F,Zeynep,40,1.922e-5
2008,F,Anusha,39,1.874e-5
2008,F,Ethan,36,1.73e-5
2008,F,Delina,35,1.682e-5
2008,F,Matthew,23,1.105e-5
2008,F,Nicholas,21,1.009e-5
2008,F,Kobe,15,7.21e-6
2008,F,Corbin,14,6.73e-6
2008,F,Jason,13,6.25e-6
2008,F,Steven,10,4.81e-6
2008,F,Ian,8,3.84e-6
2008,F,Mridula,8,3.84e-6
2008,F,Omar,5,2.4e-6
2008,F,Tony,5,2.4e-6
2008,M,Michael,20617,0.00946406
2008,M,Ethan,20211,0.00927768
2008,M,Matthew,17579,0.00806949
2008,M,Nicholas,12520,0.0057472
2008,M,Jason,7653,0.00351304
2008,M,Ian,5721,0.00262618
2008,M,Steven,4226,0.00193991
2008,M,Grant,2865,0.00131515
2008,M,Omar,2862,0.00131378
2008,M,Corbin,1343,6.1649e-4
2008,M,Saul,998,4.5812e-4
2008,M,Tony,885,4.0625e-4
2008,M,Kobe,730,3.351e-4
2008,M,Ace,322,1.4781e-4
2008,M,Robin,118,5.417e-5
2008,M,Kelly,113,5.187e-5
2008,M,Isabella,27,1.239e-5
2008,M,Sarah,17,7.8e-6
2008,M,Caroline,12,5.51e-6
2008,M,Audrey,11,5.05e-6
2008,M,Niels,10,4.59e-6
2008,M,Maya,9,4.13e-6
2008,M,Hailey,7,3.21e-6
2008,M,Katherine,6,2.75e-6
2008,M,Kristin,5,2.3e-6
2008,M,Nicole,5,2.3e-6
2009,F,Isabella,22298,0.01102237
2009,F,Sarah,7776,0.00384384
2009,F,Hailey,7314,0.00361546
2009,F,Audrey,5007,0.00247507
2009,F,Katherine,4428,0.00218885
2009,F,Maya,4390,0.00217007
2009,F,Caroline,3623,0.00179092
2009,F,Nicole,2768,0.00136828
2009,F,Alicia,1560,7.7114e-4
2009,F,Christina,1469,7.2616e-4
2009,F,Kelly,1250,6.179e-4
2009,F,Julie,919,4.5428e-4
2009,F,Serena,813,4.0188e-4
2009,F,Amira,645,3.1884e-4
2009,F,Kristin,261,1.2902e-4
2009,F,Robin,178,8.799e-5
2009,F,Anusha,61,3.015e-5
2009,F,Michael,45,2.224e-5
2009,F,Delina,33,1.631e-5
2009,F,Zeynep,27,1.335e-5
2009,F,Ethan,24,1.186e-5
2009,F,Matthew,18,8.9e-6
2009,F,Nicholas,18,8.9e-6
2009,F,Corbin,12,5.93e-6
2009,F,Kobe,12,5.93e-6
2009,F,Jason,11,5.44e-6
2009,F,Steven,9,4.45e-6
2009,F,Grant,7,3.46e-6
2009,F,Ian,5,2.47e-6
2009,M,Ethan,19843,0.00936453
2009,M,Michael,18935,0.00893602
2009,M,Matthew,15984,0.00754335
2009,M,Nicholas,10849,0.00511998
2009,M,Jason,6918,0.00326482
2009,M,Ian,5803,0.00273862
2009,M,Steven,3824,0.00180466
2009,M,Grant,2727,0.00128696
2009,M,Omar,2548,0.00120248
2009,M,Corbin,1224,5.7764e-4
2009,M,Saul,866,4.0869e-4
2009,M,Tony,804,3.7943e-4
2009,M,Kobe,685,3.2327e-4
2009,M,Ace,418,1.9727e-4
2009,M,Kelly,140,6.607e-5
2009,M,Robin,92,4.342e-5
2009,M,Isabella,26,1.227e-5
2009,M,Hailey,12,5.66e-6
2009,M,Maya,12,5.66e-6
2009,M,Sarah,12,5.66e-6
2009,M,Audrey,7,3.3e-6
2009,M,Nicole,7,3.3e-6
2009,M,Niels,6,2.83e-6
2009,M,Katherine,5,2.36e-6
2010,F,Isabella,22905,0.01169646
2010,F,Hailey,7018,0.00358375
2010,F,Sarah,6321,0.00322783
2010,F,Audrey,4950,0.00252772
2010,F,Maya,3967,0.00202575
2010,F,Katherine,3864,0.00197316
2010,F,Caroline,3358,0.00171477
2010,F,Nicole,2564,0.00130931
2010,F,Alicia,1429,7.2972e-4
2010,F,Christina,1285,6.5619e-4
2010,F,Kelly,1059,5.4078e-4
2010,F,Julie,820,4.1873e-4
2010,F,Serena,686,3.5031e-4
2010,F,Amira,601,3.069e-4
2010,F,Kristin,228,1.1643e-4
2010,F,Robin,158,8.068e-5
2010,F,Anusha,45,2.298e-5
2010,F,Michael,37,1.889e-5
2010,F,Delina,33,1.685e-5
2010,F,Zeynep,30,1.532e-5
2010,F,Ethan,19,9.7e-6
2010,F,Matthew,15,7.66e-6
2010,F,Corbin,12,6.13e-6
2010,F,Kobe,12,6.13e-6
2010,F,Nicholas,11,5.62e-6
2010,F,Jason,10,5.11e-6
2010,F,Mridula,6,3.06e-6
2010,F,Omar,5,2.55e-6
2010,F,Tony,5,2.55e-6
2010,M,Ethan,18000,0.00877141
2010,M,Michael,17342,0.00845076
2010,M,Matthew,14126,0.00688361
2010,M,Nicholas,9641,0.00469806
2010,M,Jason,6269,0.00305489
2010,M,Ian,5554,0.00270647
2010,M,Steven,3430,0.00167144
2010,M,Grant,2537,0.00123628
2010,M,Omar,2167,0.00105598
2010,M,Corbin,1360,6.6273e-4
2010,M,Saul,761,3.7084e-4
2010,M,Tony,748,3.645e-4
2010,M,Kobe,644,3.1382e-4
2010,M,Ace,402,1.9589e-4
2010,M,Robin,107,5.214e-5
2010,M,Kelly,101,4.922e-5
2010,M,Isabella,30,1.462e-5
2010,M,Niels,17,8.28e-6
2010,M,Maya,9,4.39e-6
2010,M,Audrey,8,3.9e-6
2010,M,Hailey,5,2.44e-6
2010,M,Sarah,5,2.44e-6
2011,F,Isabella,19901,0.0102845
2011,F,Hailey,6270,0.00324023
2011,F,Sarah,5555,0.00287073
2011,F,Audrey,5210,0.00269244
2011,F,Katherine,4186,0.00216325
2011,F,Maya,4016,0.0020754
2011,F,Caroline,3369,0.00174104
2011,F,Nicole,2654,0.00137154
2011,F,Alicia,1227,6.3409e-4
2011,F,Christina,1179,6.0929e-4
2011,F,Kelly,942,4.8681e-4
2011,F,Julie,798,4.1239e-4
2011,F,Serena,682,3.5245e-4
2011,F,Amira,587,3.0335e-4
2011,F,Kristin,164,8.475e-5
2011,F,Robin,146,7.545e-5
2011,F,Zeynep,49,2.532e-5
2011,F,Anusha,42,2.17e-5
2011,F,Delina,39,2.015e-5
2011,F,Michael,36,1.86e-5
2011,F,Ethan,22,1.137e-5
2011,F,Matthew,22,1.137e-5
2011,F,Corbin,15,7.75e-6
2011,F,Nicholas,15,7.75e-6
2011,F,Ian,14,7.23e-6
2011,F,Kobe,14,7.23e-6
2011,F,Jason,9,4.65e-6
2011,F,Ace,5,2.58e-6
2011,M,Michael,16789,0.0082762
2011,M,Ethan,16681,0.00822296
2011,M,Matthew,14159,0.00697973
2011,M,Nicholas,8589,0.00423398
2011,M,Jason,5840,0.00287885
2011,M,Ian,5616,0.00276843
2011,M,Steven,3205,0.00157992
2011,M,Grant,2540,0.0012521
2011,M,Omar,1886,9.2971e-4
2011,M,Corbin,1711,8.4344e-4
2011,M,Saul,715,3.5246e-4
2011,M,Tony,690,3.4014e-4
2011,M,Kobe,553,2.726e-4
2011,M,Ace,438,2.1591e-4
2011,M,Kelly,108,5.324e-5
2011,M,Robin,101,4.979e-5
2011,M,Isabella,26,1.282e-5
2011,M,Niels,14,6.9e-6
2011,M,Hailey,8,3.94e-6
2011,M,Maya,8,3.94e-6
2011,M,Audrey,7,3.45e-6
2011,M,Katherine,5,2.46e-6
2011,M,Nicole,5,2.46e-6
2011,M,Sarah,5,2.46e-6
2012,F,Isabella,19093,0.00986087
2012,F,Hailey,5908,0.00305128
2012,F,Audrey,5297,0.00273572
2012,F,Sarah,5186,0.00267839
2012,F,Maya,3974,0.00205243
2012,F,Katherine,3950,0.00204004
2012,F,Caroline,3415,0.00176373
2012,F,Nicole,2653,0.00137018
2012,F,Alicia,1199,6.1924e-4
2012,F,Christina,1123,5.7999e-4
2012,F,Kelly,891,4.6017e-4
2012,F,Julie,818,4.2247e-4
2012,F,Serena,715,3.6927e-4
2012,F,Amira,609,3.1453e-4
2012,F,Robin,175,9.038e-5
2012,F,Kristin,155,8.005e-5
2012,F,Zeynep,43,2.221e-5
2012,F,Anusha,42,2.169e-5
2012,F,Delina,34,1.756e-5
2012,F,Michael,27,1.394e-5
2012,F,Ethan,22,1.136e-5
2012,F,Matthew,21,1.085e-5
2012,F,Kobe,13,6.71e-6
2012,F,Corbin,9,4.65e-6
2012,F,Ian,9,4.65e-6
2012,F,Nicholas,8,4.13e-6
2012,F,Jason,7,3.62e-6
2012,F,Ilinca,5,2.58e-6
2012,M,Ethan,17668,0.00872111
2012,M,Michael,16154,0.00797378
2012,M,Matthew,13964,0.00689277
2012,M,Nicholas,7734,0.00381758
2012,M,Jason,5743,0.0028348
2012,M,Ian,5689,0.00280815
2012,M,Steven,3236,0.00159732
2012,M,Grant,2467,0.00121774
2012,M,Omar,1918,9.4674e-4
2012,M,Corbin,1617,7.9817e-4
2012,M,Saul,688,3.396e-4
2012,M,Tony,653,3.2233e-4
2012,M,Kobe,525,2.5915e-4
2012,M,Ace,499,2.4631e-4
2012,M,Kelly,105,5.183e-5
2012,M,Robin,104,5.134e-5
2012,M,Isabella,18,8.88e-6
2012,M,Niels,15,7.4e-6
2012,M,Audrey,10,4.94e-6
2012,M,Maya,8,3.95e-6
2012,M,Christina,6,2.96e-6
2012,M,Sarah,6,2.96e-6
2013,F,Isabella,17631,0.00916441
2013,F,Audrey,5597,0.00290926
2013,F,Hailey,5016,0.00260726
2013,F,Sarah,4694,0.00243989
2013,F,Caroline,3979,0.00206824
2013,F,Maya,3820,0.0019856
2013,F,Katherine,3718,0.00193258
2013,F,Nicole,3348,0.00174025
2013,F,Christina,1065,5.5358e-4
2013,F,Alicia,1018,5.2915e-4
2013,F,Kelly,847,4.4026e-4
2013,F,Julie,762,3.9608e-4
2013,F,Serena,743,3.862e-4
2013,F,Amira,663,3.4462e-4
2013,F,Robin,189,9.824e-5
2013,F,Kristin,137,7.121e-5
2013,F,Zeynep,41,2.131e-5
2013,F,Michael,39,2.027e-5
2013,F,Delina,37,1.923e-5
2013,F,Anusha,23,1.196e-5
2013,F,Ethan,17,8.84e-6
2013,F,Matthew,17,8.84e-6
2013,F,Corbin,15,7.8e-6
2013,F,Kobe,14,7.28e-6
2013,F,Nicholas,13,6.76e-6
2013,F,Jason,7,3.64e-6
2013,F,Steven,5,2.6e-6
2013,M,Ethan,16235,0.00805016
2013,M,Michael,15491,0.00768124
2013,M,Matthew,13329,0.00660921
2013,M,Nicholas,7134,0.00353741
2013,M,Jason,5501,0.00272768
2013,M,Ian,5420,0.00268752
2013,M,Steven,2876,0.00142607
2013,M,Grant,2419,0.00119947
2013,M,Omar,1880,9.322e-4
2013,M,Corbin,1705,8.4543e-4
2013,M,Tony,663,3.2875e-4
2013,M,Saul,655,3.2478e-4
2013,M,Kobe,551,2.7321e-4
2013,M,Ace,547,2.7123e-4
2013,M,Robin,157,7.785e-5
2013,M,Kelly,103,5.107e-5
2013,M,Isabella,18,8.93e-6
2013,M,Niels,14,6.94e-6
2013,M,Audrey,13,6.45e-6
2013,M,Hailey,9,4.46e-6
2013,M,Nicole,8,3.97e-6
2013,M,Maya,7,3.47e-6
2013,M,Kristin,6,2.98e-6
2013,M,Sarah,5,2.48e-6
2014,F,Isabella,17068,0.00874541
2014,F,Audrey,5562,0.00284989
2014,F,Sarah,4700,0.00240822
2014,F,Hailey,4611,0.00236261
2014,F,Caroline,4343,0.00222529
2014,F,Maya,3947,0.00202239
2014,F,Katherine,3676,0.00188353
2014,F,Nicole,2531,0.00129685
2014,F,Christina,1020,5.2263e-4
2014,F,Alicia,977,5.006e-4
2014,F,Julie,778,3.9864e-4
2014,F,Amira,767,3.93e-4
2014,F,Kelly,737,3.7763e-4
2014,F,Serena,702,3.597e-4
2014,F,Robin,225,1.1529e-4
2014,F,Kristin,134,6.866e-5
2014,F,Zeynep,44,2.255e-5
2014,F,Delina,38,1.947e-5
2014,F,Michael,35,1.793e-5
2014,F,Anusha,30,1.537e-5
2014,F,Ethan,19,9.74e-6
2014,F,Matthew,15,7.69e-6
2014,F,Kobe,14,7.17e-6
2014,F,Corbin,13,6.66e-6
2014,F,Nicholas,11,5.64e-6
2014,F,Grant,8,4.1e-6
2014,F,Asteria,6,3.07e-6
2014,F,Ian,6,3.07e-6
2014,F,Jason,6,3.07e-6
2014,F,Ace,5,2.56e-6
2014,F,Mridula,5,2.56e-6
2014,F,Omar,5,2.56e-6
2014,M,Ethan,15713,0.00768596
2014,M,Michael,15440,0.00755242
2014,M,Matthew,12898,0.00630901
2014,M,Nicholas,6761,0.00330712
2014,M,Jason,5550,0.00271476
2014,M,Ian,5452,0.00266683
2014,M,Steven,2794,0.00136667
2014,M,Grant,2641,0.00129184
2014,M,Corbin,1926,9.421e-4
2014,M,Omar,1806,8.834e-4
2014,M,Ace,820,4.011e-4
2014,M,Tony,664,3.2479e-4
2014,M,Saul,661,3.2333e-4
2014,M,Kobe,519,2.5387e-4
2014,M,Robin,191,9.343e-5
2014,M,Kelly,105,5.136e-5
2014,M,Isabella,21,1.027e-5
2014,M,Niels,17,8.32e-6
2014,M,Katherine,7,3.42e-6
2014,M,Caroline,6,2.93e-6
2014,M,Audrey,5,2.45e-6
2015,F,Isabella,15594,0.00801617
2015,F,Audrey,5601,0.00287922
2015,F,Sarah,4515,0.00232096
2015,F,Caroline,4324,0.00222277
2015,F,Hailey,4243,0.00218114
2015,F,Maya,4125,0.00212048
2015,F,Katherine,3444,0.00177041
2015,F,Nicole,2112,0.0010856799999999999
2015,F,Christina,978,5.0275e-4
2015,F,Alicia,908,4.6676e-4
2015,F,Amira,857,4.4055e-4
2015,F,Serena,778,3.9993e-4
2015,F,Julie,692,3.5573e-4
2015,F,Kelly,673,3.4596e-4
2015,F,Robin,260,1.3365e-4
2015,F,Kristin,112,5.757e-5
2015,F,Zeynep,48,2.467e-5
2015,F,Delina,37,1.902e-5
2015,F,Michael,36,1.851e-5
2015,F,Anusha,26,1.337e-5
2015,F,Corbin,18,9.25e-6
2015,F,Ethan,18,9.25e-6
2015,F,Matthew,15,7.71e-6
2015,F,Ian,13,6.68e-6
2015,F,Asteria,8,4.11e-6
2015,F,Ace,7,3.6e-6
2015,F,Kobe,7,3.6e-6
2015,F,Nicholas,7,3.6e-6
2015,F,Jason,6,3.08e-6
2015,F,Omar,5,2.57e-6
2015,M,Ethan,15069,0.00739281
2015,M,Michael,14413,0.00707098
2015,M,Matthew,12737,0.00624874
2015,M,Nicholas,6238,0.00306035
2015,M,Ian,5316,0.00260802
2015,M,Jason,4998,0.00245201
2015,M,Steven,2700,0.00132461
2015,M,Grant,2357,0.00115634
2015,M,Omar,1834,8.9976e-4
2015,M,Corbin,1765,8.659e-4
2015,M,Ace,738,3.6206e-4
2015,M,Saul,592,2.9043e-4
2015,M,Tony,575,2.8209e-4
2015,M,Kobe,465,2.2813e-4
2015,M,Robin,213,1.045e-4
2015,M,Kelly,104,5.102e-5
2015,M,Isabella,21,1.03e-5
2015,M,Niels,18,8.83e-6
2015,M,Audrey,14,6.87e-6
2015,M,Sarah,10,4.9100000000000004e-06
2015,M,Hailey,9,4.42e-6
2015,M,Katherine,9,4.42e-6
2016,F,Isabella,14772,0.00766009
2016,F,Audrey,5347,0.00277271
2016,F,Caroline,4422,0.00229305
2016,F,Sarah,4402,0.00228268
2016,F,Maya,4075,0.00211311
2016,F,Hailey,3932,0.00203896
2016,F,Katherine,3271,0.00169619
2016,F,Nicole,1947,0.00100963
2016,F,Amira,870,4.5114e-4
2016,F,Alicia,864,4.4803e-4
2016,F,Christina,846,4.387e-4
2016,F,Serena,717,3.718e-4
2016,F,Julie,645,3.3447e-4
2016,F,Kelly,603,3.1269e-4
2016,F,Robin,238,1.2342e-4
2016,F,Kristin,75,3.889e-5
2016,F,Zeynep,48,2.489e-5
2016,F,Delina,37,1.919e-5
2016,F,Michael,34,1.763e-5
2016,F,Kobe,20,1.037e-5
2016,F,Anusha,19,9.85e-6
2016,F,Corbin,14,7.26e-6
2016,F,Ethan,14,7.26e-6
2016,F,Matthew,12,6.22e-6
2016,F,Ian,9,4.67e-6
2016,F,Ace,8,4.15e-6
2016,F,Jason,7,3.63e-6
2016,F,Ilinca,6,3.11e-6
2016,F,Nicholas,6,3.11e-6
2016,F,Asteria,5,2.59e-6
2016,F,Steven,5,2.59e-6
2016,M,Michael,14057,0.00696653
2016,M,Ethan,13806,0.00684214
2016,M,Matthew,12605,0.00624693
2016,M,Nicholas,5738,0.00284371
2016,M,Ian,5065,0.00251017
2016,M,Jason,4859,0.00240808
2016,M,Steven,2390,0.00118446
2016,M,Grant,2348,0.00116365
2016,M,Omar,1731,8.5787e-4
2016,M,Corbin,1600,7.9295e-4
2016,M,Ace,1037,5.1393e-4
2016,M,Kobe,583,2.8893e-4
2016,M,Tony,562,2.7852e-4
2016,M,Saul,558,2.7654e-4
2016,M,Robin,170,8.425e-5
2016,M,Kelly,117,5.798e-5
2016,M,Niels,21,1.041e-5
2016,M,Isabella,11,5.45e-6
2016,M,Sarah,9,4.46e-6
2016,M,Audrey,7,3.47e-6
2016,M,Kristin,6,2.97e-6
2016,M,Maya,5,2.48e-6
2017,F,Isabella,15100,0.00805377
2017,F,Audrey,4808,0.0025644
2017,F,Caroline,4270,0.00227746
2017,F,Maya,4008,0.00213772
2017,F,Sarah,3986,0.00212598
2017,F,Hailey,3691,0.00196864
2017,F,Katherine,2833,0.00151101
2017,F,Nicole,1654,8.8218e-4
2017,F,Amira,1014,5.4083e-4
2017,F,Alicia,861,4.5922e-4
2017,F,Christina,770,4.1069e-4
2017,F,Serena,761,4.0589e-4
2017,F,Julie,599,3.1948e-4
2017,F,Kelly,500,2.6668e-4
2017,F,Robin,252,1.3441e-4
2017,F,Kristin,65,3.467e-5
2017,F,Zeynep,59,3.147e-5
2017,F,Delina,35,1.867e-5
2017,F,Michael,33,1.76e-5
2017,F,Anusha,22,1.173e-5
2017,F,Corbin,22,1.173e-5
2017,F,Kobe,17,9.07e-6
2017,F,Matthew,12,6.4e-6
2017,F,Ace,10,5.33e-6
2017,F,Ian,10,5.33e-6
2017,F,Ethan,9,4.8e-6
2017,F,Ilinca,6,3.2e-6
2017,F,Nicholas,6,3.2e-6
2017,F,Asteria,5,2.67e-6
2017,M,Michael,12579,0.0064071
2017,M,Ethan,12389,0.00631033
2017,M,Matthew,11611,0.00591405
2017,M,Nicholas,5321,0.00271025
2017,M,Ian,5002,0.00254776
2017,M,Jason,4221,0.00214996
2017,M,Grant,2279,0.00116081
2017,M,Steven,2148,0.00109408
2017,M,Omar,1639,8.3482e-4
2017,M,Corbin,1412,7.192e-4
2017,M,Ace,1222,6.2242e-4
2017,M,Saul,603,3.0714e-4
2017,M,Kobe,527,2.6843e-4
2017,M,Tony,514,2.6181e-4
2017,M,Robin,200,1.0187e-4
2017,M,Kelly,110,5.603e-5
2017,M,Niels,14,7.13e-6
2017,M,Audrey,12,6.11e-6
2017,M,Isabella,12,6.11e-6
